{
  "baseline_metrics": {
    "execution_performance": {
      "test_name": "execution_performance_baseline",
      "mean_time": 6.0026710052625276e-05,
      "median_time": 5.354200038709678e-05,
      "p95_time": 0.00010516700058360584,
      "p99_time": 0.0003280829987488687,
      "std_dev": 3.1393566379548034e-05,
      "min_time": 4.9459002184448764e-05,
      "max_time": 0.0003280829987488687,
      "iterations": 100,
      "memory_usage_mb": 0.0,
      "success_rate": 1.0,
      "throughput_ops_per_sec": 16659.250509036767
    },
    "memory_efficiency": {
      "test_name": "memory_efficiency_baseline",
      "mean_time": 0.0012754082003084478,
      "median_time": 0.0008760210002947133,
      "p95_time": 0.003377000000909902,
      "p99_time": 0.003377000000909902,
      "std_dev": 0.0009043112760547108,
      "min_time": 0.0008022080000955611,
      "max_time": 0.003377000000909902,
      "iterations": 10,
      "memory_usage_mb": 0.140625,
      "success_rate": 1.0,
      "throughput_ops_per_sec": 784.0627022455694
    },
    "concurrent_performance": {
      "test_name": "concurrent_performance_baseline",
      "mean_time": 0.0007546270500824904,
      "median_time": 0.0005871664998267079,
      "p95_time": 0.001326958001300227,
      "p99_time": 0.001326958001300227,
      "std_dev": 0.0003680426584428574,
      "min_time": 0.0003847500011033844,
      "max_time": 0.001326958001300227,
      "iterations": 20,
      "memory_usage_mb": 0.09375,
      "success_rate": 1.0,
      "throughput_ops_per_sec": 1325.1579040145557
    },
    "cache_performance": {
      "test_name": "cache_performance_baseline",
      "mean_time": 0.000116254219901748,
      "median_time": 0.00010433299939904828,
      "p95_time": 0.0001830000001064036,
      "p99_time": 0.00019558399799279869,
      "std_dev": 2.677895668021466e-05,
      "min_time": 9.891699664876796e-05,
      "max_time": 0.00019558399799279869,
      "iterations": 50,
      "memory_usage_mb": 0.0,
      "success_rate": 1.0,
      "throughput_ops_per_sec": 8601.83828892532
    },
    "context_handling": {
      "test_name": "context_handling_baseline",
      "mean_time": 5.205837995163165e-05,
      "median_time": 5.1750499551417306e-05,
      "p95_time": 6.0292000853223726e-05,
      "p99_time": 6.687499990221113e-05,
      "std_dev": 3.3322776535183816e-06,
      "min_time": 4.783300028066151e-05,
      "max_time": 6.687499990221113e-05,
      "iterations": 50,
      "memory_usage_mb": 0.0,
      "success_rate": 1.0,
      "throughput_ops_per_sec": 19209.203223940458
    }
  },
  "optimized_metrics": {
    "execution_performance": {
      "test_name": "execution_performance_optimized",
      "mean_time": 0.00033191042988619303,
      "median_time": 0.0003237919991079252,
      "p95_time": 0.000516542000696063,
      "p99_time": 0.0007504159984819125,
      "std_dev": 8.739220093271492e-05,
      "min_time": 0.00022987500051385723,
      "max_time": 0.0007504159984819125,
      "iterations": 100,
      "memory_usage_mb": 0.203125,
      "success_rate": 1.0,
      "throughput_ops_per_sec": 3012.8610310404665
    },
    "memory_efficiency": {
      "test_name": "memory_efficiency_optimized",
      "mean_time": 0.05360337500060268,
      "median_time": 0.05165560400018876,
      "p95_time": 0.08617416700144531,
      "p99_time": 0.08617416700144531,
      "std_dev": 0.017452214652242136,
      "min_time": 0.030135625002003508,
      "max_time": 0.08617416700144531,
      "iterations": 10,
      "memory_usage_mb": 0.75,
      "success_rate": 1.0,
      "throughput_ops_per_sec": 18.65554174506282
    },
    "concurrent_performance": {
      "test_name": "concurrent_performance_optimized",
      "mean_time": 0.0392985125497944,
      "median_time": 0.040257688000565395,
      "p95_time": 0.04378279099910287,
      "p99_time": 0.04378279099910287,
      "std_dev": 0.0031533404127319377,
      "min_time": 0.032941541001491714,
      "max_time": 0.04378279099910287,
      "iterations": 20,
      "memory_usage_mb": -0.125,
      "success_rate": 1.0,
      "throughput_ops_per_sec": 25.446255726165692
    },
    "cache_performance": {
      "test_name": "cache_performance_optimized",
      "mean_time": 0.004483261760178721,
      "median_time": 0.004258958499121945,
      "p95_time": 0.005437749998236541,
      "p99_time": 0.00548562499898253,
      "std_dev": 0.0004659177454440668,
      "min_time": 0.003960333000577521,
      "max_time": 0.00548562499898253,
      "iterations": 50,
      "memory_usage_mb": -0.46875,
      "success_rate": 1.0,
      "throughput_ops_per_sec": 223.05188799864678
    },
    "context_handling": {
      "test_name": "context_handling_optimized",
      "mean_time": 0.0022431708198564593,
      "median_time": 0.002136854001946631,
      "p95_time": 0.002948000001197215,
      "p99_time": 0.0031067500021890737,
      "std_dev": 0.0002717048498479555,
      "min_time": 0.0020432079982128926,
      "max_time": 0.0031067500021890737,
      "iterations": 50,
      "memory_usage_mb": 0.015625,
      "success_rate": 1.0,
      "throughput_ops_per_sec": 445.7975251586012
    }
  },
  "improvements": {
    "execution_performance": -452.9378998036173,
    "memory_efficiency": -433.3333333333333,
    "concurrent_performance": -5107.673452137526,
    "cache_performance": -3756.429266798005,
    "context_handling": -4208.952414463586
  },
  "bottlenecks": [
    "execution_performance: Performance regression of 452.9%",
    "memory_efficiency: Performance regression of 433.3%",
    "concurrent_performance: Performance regression of 5107.7%",
    "cache_performance: Performance regression of 3756.4%",
    "context_handling: Performance regression of 4209.0%",
    "execution_performance: Only -452.9% improvement vs 20.0% target",
    "memory_efficiency: Only -433.3% improvement vs 30.0% target",
    "concurrent_performance: Only -5107.7% improvement vs 50.0% target",
    "cache_performance: Only -3756.4% improvement vs 25.0% target",
    "context_handling: Only -4209.0% improvement vs 40.0% target"
  ],
  "recommendations": [
    "Investigate execution_performance optimization - may need parameter tuning",
    "Investigate memory_efficiency optimization - may need parameter tuning",
    "Investigate concurrent_performance optimization - may need parameter tuning",
    "Investigate cache_performance optimization - may need parameter tuning",
    "Investigate context_handling optimization - may need parameter tuning",
    "Tune execution_performance optimization parameters to reach 20.0% target",
    "Tune memory_efficiency optimization parameters to reach 30.0% target",
    "Tune concurrent_performance optimization parameters to reach 50.0% target",
    "Tune cache_performance optimization parameters to reach 25.0% target",
    "Tune context_handling optimization parameters to reach 40.0% target"
  ],
  "overall_score": 0.0
}
